{"cameraMode":{"drawMode":0,"name":"Shaded","section":"Shading Mode"},"sceneLighting":true,"audioPlay":false,"sceneViewState":{"showFog":true,"showMaterialUpdate":false,"showSkybox":true,"showFlares":true,"showImageEffects":true,"showParticleSystems":true},"in2DMode":false,"pivot":{"x":-0.2798614501953125,"y":0.938873291015625,"z":-5.464111328125},"rotation":{"x":-0.11385894566774368,"y":-0.7109825611114502,"z":0.11838630586862564,"w":-0.6837668418884277},"size":2.060556173324585,"orthographic":true}